-- 임시 사용자 데이터
INSERT INTO HAPPY.LPUSER (USER_EMAIL, USER_PASSWORD, USER_NICKNAME, USER_AUTH, USER_DELFLAG, USER_EMAILCHK, USER_EMAILKEY, USER_ISWRITE) VALUES('user01@email.com', '', 'user01', 'F', 'T', 'N', '', 'T' );
INSERT INTO HAPPY.LPUSER (USER_EMAIL, USER_PASSWORD, USER_NICKNAME, USER_AUTH, USER_DELFLAG, USER_EMAILCHK, USER_EMAILKEY, USER_ISWRITE) VALUES('user02@email.com', '', 'user02', 'F', 'T', 'N', '', 'T' );
INSERT INTO HAPPY.LPUSER (USER_EMAIL, USER_PASSWORD, USER_NICKNAME, USER_AUTH, USER_DELFLAG, USER_EMAILCHK, USER_EMAILKEY, USER_ISWRITE) VALUES('user03@email.com', '', 'user03', 'F', 'T', 'N', '', 'T' );
INSERT INTO HAPPY.LPUSER (USER_EMAIL, USER_PASSWORD, USER_NICKNAME, USER_AUTH, USER_DELFLAG, USER_EMAILCHK, USER_EMAILKEY, USER_ISWRITE) VALUES('user04@email.com', '', 'user04', 'F', 'T', 'N', '', 'T' );
INSERT INTO HAPPY.LPUSER (USER_EMAIL, USER_PASSWORD, USER_NICKNAME, USER_AUTH, USER_DELFLAG, USER_EMAILCHK, USER_EMAILKEY, USER_ISWRITE) VALUES('user05@email.com', '', 'user05', 'F', 'T', 'N', '', 'T' );
INSERT INTO HAPPY.LPUSER (USER_EMAIL, USER_PASSWORD, USER_NICKNAME, USER_AUTH, USER_DELFLAG, USER_EMAILCHK, USER_EMAILKEY, USER_ISWRITE) VALUES('user06@email.com', '', 'user06', 'F', 'T', 'N', '', 'T' );
INSERT INTO HAPPY.LPUSER (USER_EMAIL, USER_PASSWORD, USER_NICKNAME, USER_AUTH, USER_DELFLAG, USER_EMAILCHK, USER_EMAILKEY, USER_ISWRITE) VALUES('user07@email.com', '', 'user07', 'F', 'T', 'N', '', 'T' );
INSERT INTO HAPPY.LPUSER (USER_EMAIL, USER_PASSWORD, USER_NICKNAME, USER_AUTH, USER_DELFLAG, USER_EMAILCHK, USER_EMAILKEY, USER_ISWRITE) VALUES('user08@email.com', '', 'user08', 'F', 'T', 'N', '', 'T' );
INSERT INTO HAPPY.LPUSER (USER_EMAIL, USER_PASSWORD, USER_NICKNAME, USER_AUTH, USER_DELFLAG, USER_EMAILCHK, USER_EMAILKEY, USER_ISWRITE) VALUES('user09@email.com', '', 'user09', 'F', 'T', 'N', '', 'T' );
INSERT INTO HAPPY.LPUSER (USER_EMAIL, USER_PASSWORD, USER_NICKNAME, USER_AUTH, USER_DELFLAG, USER_EMAILCHK, USER_EMAILKEY, USER_ISWRITE) VALUES('user10@email.com', '', 'user10', 'F', 'T', 'N', '', 'T' );
INSERT INTO HAPPY.LPUSER (USER_EMAIL, USER_PASSWORD, USER_NICKNAME, USER_AUTH, USER_DELFLAG, USER_EMAILCHK, USER_EMAILKEY, USER_ISWRITE) VALUES('user11@email.com', '', 'user11', 'F', 'T', 'N', '', 'T' );
INSERT INTO HAPPY.LPUSER (USER_EMAIL, USER_PASSWORD, USER_NICKNAME, USER_AUTH, USER_DELFLAG, USER_EMAILCHK, USER_EMAILKEY, USER_ISWRITE) VALUES('user12@email.com', '', 'user12', 'F', 'T', 'N', '', 'T' );
INSERT INTO HAPPY.LPUSER (USER_EMAIL, USER_PASSWORD, USER_NICKNAME, USER_AUTH, USER_DELFLAG, USER_EMAILCHK, USER_EMAILKEY, USER_ISWRITE) VALUES('user13@email.com', '', 'user13', 'F', 'T', 'N', '', 'T' );
INSERT INTO HAPPY.LPUSER (USER_EMAIL, USER_PASSWORD, USER_NICKNAME, USER_AUTH, USER_DELFLAG, USER_EMAILCHK, USER_EMAILKEY, USER_ISWRITE) VALUES('user14@email.com', '', 'user14', 'F', 'T', 'N', '', 'T' );
INSERT INTO HAPPY.LPUSER (USER_EMAIL, USER_PASSWORD, USER_NICKNAME, USER_AUTH, USER_DELFLAG, USER_EMAILCHK, USER_EMAILKEY, USER_ISWRITE) VALUES('user15@email.com', '', 'user15', 'F', 'T', 'N', '', 'T' );
INSERT INTO HAPPY.LPUSER (USER_EMAIL, USER_PASSWORD, USER_NICKNAME, USER_AUTH, USER_DELFLAG, USER_EMAILCHK, USER_EMAILKEY, USER_ISWRITE) VALUES('user16@email.com', '', 'user16', 'F', 'T', 'N', '', 'T' );
INSERT INTO HAPPY.LPUSER (USER_EMAIL, USER_PASSWORD, USER_NICKNAME, USER_AUTH, USER_DELFLAG, USER_EMAILCHK, USER_EMAILKEY, USER_ISWRITE) VALUES('user17@email.com', '', 'user17', 'F', 'T', 'N', '', 'T' );
INSERT INTO HAPPY.LPUSER (USER_EMAIL, USER_PASSWORD, USER_NICKNAME, USER_AUTH, USER_DELFLAG, USER_EMAILCHK, USER_EMAILKEY, USER_ISWRITE) VALUES('user18@email.com', '', 'user18', 'F', 'T', 'N', '', 'T' );
INSERT INTO HAPPY.LPUSER (USER_EMAIL, USER_PASSWORD, USER_NICKNAME, USER_AUTH, USER_DELFLAG, USER_EMAILCHK, USER_EMAILKEY, USER_ISWRITE) VALUES('user19@email.com', '', 'user19', 'F', 'T', 'N', '', 'T' );
INSERT INTO HAPPY.LPUSER (USER_EMAIL, USER_PASSWORD, USER_NICKNAME, USER_AUTH, USER_DELFLAG, USER_EMAILCHK, USER_EMAILKEY, USER_ISWRITE) VALUES('user20@email.com', '', 'user20', 'F', 'T', 'N', '', 'T' );
INSERT INTO HAPPY.LPUSER (USER_EMAIL, USER_PASSWORD, USER_NICKNAME, USER_AUTH, USER_DELFLAG, USER_EMAILCHK, USER_EMAILKEY, USER_ISWRITE) VALUES('user21@email.com', '', 'user21', 'F', 'T', 'N', '', 'T' );
INSERT INTO HAPPY.LPUSER (USER_EMAIL, USER_PASSWORD, USER_NICKNAME, USER_AUTH, USER_DELFLAG, USER_EMAILCHK, USER_EMAILKEY, USER_ISWRITE) VALUES('user22@email.com', '', 'user22', 'F', 'T', 'N', '', 'T' );
INSERT INTO HAPPY.LPUSER (USER_EMAIL, USER_PASSWORD, USER_NICKNAME, USER_AUTH, USER_DELFLAG, USER_EMAILCHK, USER_EMAILKEY, USER_ISWRITE) VALUES('user23@email.com', '', 'user23', 'F', 'T', 'N', '', 'T' );
INSERT INTO HAPPY.LPUSER (USER_EMAIL, USER_PASSWORD, USER_NICKNAME, USER_AUTH, USER_DELFLAG, USER_EMAILCHK, USER_EMAILKEY, USER_ISWRITE) VALUES('user24@email.com', '', 'user24', 'F', 'T', 'N', '', 'T' );
INSERT INTO HAPPY.LPUSER (USER_EMAIL, USER_PASSWORD, USER_NICKNAME, USER_AUTH, USER_DELFLAG, USER_EMAILCHK, USER_EMAILKEY, USER_ISWRITE) VALUES('user25@email.com', '', 'user25', 'F', 'T', 'N', '', 'T' );
INSERT INTO HAPPY.LPUSER (USER_EMAIL, USER_PASSWORD, USER_NICKNAME, USER_AUTH, USER_DELFLAG, USER_EMAILCHK, USER_EMAILKEY, USER_ISWRITE) VALUES('user26@email.com', '', 'user26', 'F', 'T', 'N', '', 'T' );
INSERT INTO HAPPY.LPUSER (USER_EMAIL, USER_PASSWORD, USER_NICKNAME, USER_AUTH, USER_DELFLAG, USER_EMAILCHK, USER_EMAILKEY, USER_ISWRITE) VALUES('user27@email.com', '', 'user27', 'F', 'T', 'N', '', 'T' );
INSERT INTO HAPPY.LPUSER (USER_EMAIL, USER_PASSWORD, USER_NICKNAME, USER_AUTH, USER_DELFLAG, USER_EMAILCHK, USER_EMAILKEY, USER_ISWRITE) VALUES('user28@email.com', '', 'user28', 'F', 'T', 'N', '', 'T' );
INSERT INTO HAPPY.LPUSER (USER_EMAIL, USER_PASSWORD, USER_NICKNAME, USER_AUTH, USER_DELFLAG, USER_EMAILCHK, USER_EMAILKEY, USER_ISWRITE) VALUES('user29@email.com', '', 'user29', 'F', 'T', 'N', '', 'T' );
INSERT INTO HAPPY.LPUSER (USER_EMAIL, USER_PASSWORD, USER_NICKNAME, USER_AUTH, USER_DELFLAG, USER_EMAILCHK, USER_EMAILKEY, USER_ISWRITE) VALUES('user30@email.com', '', 'user30', 'F', 'T', 'N', '', 'T' );
INSERT INTO HAPPY.LPUSER (USER_EMAIL, USER_PASSWORD, USER_NICKNAME, USER_AUTH, USER_DELFLAG, USER_EMAILCHK, USER_EMAILKEY, USER_ISWRITE) VALUES('user31@email.com', '', 'user31', 'F', 'T', 'N', '', 'T' );
INSERT INTO HAPPY.LPUSER (USER_EMAIL, USER_PASSWORD, USER_NICKNAME, USER_AUTH, USER_DELFLAG, USER_EMAILCHK, USER_EMAILKEY, USER_ISWRITE) VALUES('user32@email.com', '', 'user32', 'F', 'T', 'N', '', 'T' );
INSERT INTO HAPPY.LPUSER (USER_EMAIL, USER_PASSWORD, USER_NICKNAME, USER_AUTH, USER_DELFLAG, USER_EMAILCHK, USER_EMAILKEY, USER_ISWRITE) VALUES('user33@email.com', '', 'user33', 'F', 'T', 'N', '', 'T' );
INSERT INTO HAPPY.LPUSER (USER_EMAIL, USER_PASSWORD, USER_NICKNAME, USER_AUTH, USER_DELFLAG, USER_EMAILCHK, USER_EMAILKEY, USER_ISWRITE) VALUES('user34@email.com', '', 'user34', 'F', 'T', 'N', '', 'T' );
INSERT INTO HAPPY.LPUSER (USER_EMAIL, USER_PASSWORD, USER_NICKNAME, USER_AUTH, USER_DELFLAG, USER_EMAILCHK, USER_EMAILKEY, USER_ISWRITE) VALUES('user35@email.com', '', 'user35', 'F', 'T', 'N', '', 'T' );
INSERT INTO HAPPY.LPUSER (USER_EMAIL, USER_PASSWORD, USER_NICKNAME, USER_AUTH, USER_DELFLAG, USER_EMAILCHK, USER_EMAILKEY, USER_ISWRITE) VALUES('user36@email.com', '', 'user36', 'F', 'T', 'N', '', 'T' );
INSERT INTO HAPPY.LPUSER (USER_EMAIL, USER_PASSWORD, USER_NICKNAME, USER_AUTH, USER_DELFLAG, USER_EMAILCHK, USER_EMAILKEY, USER_ISWRITE) VALUES('user37@email.com', '', 'user37', 'F', 'T', 'N', '', 'T' );
INSERT INTO HAPPY.LPUSER (USER_EMAIL, USER_PASSWORD, USER_NICKNAME, USER_AUTH, USER_DELFLAG, USER_EMAILCHK, USER_EMAILKEY, USER_ISWRITE) VALUES('user38@email.com', '', 'user38', 'F', 'T', 'N', '', 'T' );
INSERT INTO HAPPY.LPUSER (USER_EMAIL, USER_PASSWORD, USER_NICKNAME, USER_AUTH, USER_DELFLAG, USER_EMAILCHK, USER_EMAILKEY, USER_ISWRITE) VALUES('user39@email.com', '', 'user39', 'F', 'T', 'N', '', 'T' );
INSERT INTO HAPPY.LPUSER (USER_EMAIL, USER_PASSWORD, USER_NICKNAME, USER_AUTH, USER_DELFLAG, USER_EMAILCHK, USER_EMAILKEY, USER_ISWRITE) VALUES('user40@email.com', '', 'user40', 'F', 'T', 'N', '', 'T' );
INSERT INTO HAPPY.LPUSER (USER_EMAIL, USER_PASSWORD, USER_NICKNAME, USER_AUTH, USER_DELFLAG, USER_EMAILCHK, USER_EMAILKEY, USER_ISWRITE) VALUES('user41@email.com', '', 'user41', 'F', 'T', 'N', '', 'T' );
INSERT INTO HAPPY.LPUSER (USER_EMAIL, USER_PASSWORD, USER_NICKNAME, USER_AUTH, USER_DELFLAG, USER_EMAILCHK, USER_EMAILKEY, USER_ISWRITE) VALUES('user42@email.com', '', 'user42', 'F', 'T', 'N', '', 'T' );
INSERT INTO HAPPY.LPUSER (USER_EMAIL, USER_PASSWORD, USER_NICKNAME, USER_AUTH, USER_DELFLAG, USER_EMAILCHK, USER_EMAILKEY, USER_ISWRITE) VALUES('user43@email.com', '', 'user43', 'F', 'T', 'N', '', 'T' );
INSERT INTO HAPPY.LPUSER (USER_EMAIL, USER_PASSWORD, USER_NICKNAME, USER_AUTH, USER_DELFLAG, USER_EMAILCHK, USER_EMAILKEY, USER_ISWRITE) VALUES('user44@email.com', '', 'user44', 'F', 'T', 'N', '', 'T' );
INSERT INTO HAPPY.LPUSER (USER_EMAIL, USER_PASSWORD, USER_NICKNAME, USER_AUTH, USER_DELFLAG, USER_EMAILCHK, USER_EMAILKEY, USER_ISWRITE) VALUES('user45@email.com', '', 'user45', 'F', 'T', 'N', '', 'T' );
INSERT INTO HAPPY.LPUSER (USER_EMAIL, USER_PASSWORD, USER_NICKNAME, USER_AUTH, USER_DELFLAG, USER_EMAILCHK, USER_EMAILKEY, USER_ISWRITE) VALUES('user46@email.com', '', 'user46', 'F', 'T', 'N', '', 'T' );
INSERT INTO HAPPY.LPUSER (USER_EMAIL, USER_PASSWORD, USER_NICKNAME, USER_AUTH, USER_DELFLAG, USER_EMAILCHK, USER_EMAILKEY, USER_ISWRITE) VALUES('user47@email.com', '', 'user47', 'F', 'T', 'N', '', 'T' );
INSERT INTO HAPPY.LPUSER (USER_EMAIL, USER_PASSWORD, USER_NICKNAME, USER_AUTH, USER_DELFLAG, USER_EMAILCHK, USER_EMAILKEY, USER_ISWRITE) VALUES('user48@email.com', '', 'user48', 'F', 'T', 'N', '', 'T' );
INSERT INTO HAPPY.LPUSER (USER_EMAIL, USER_PASSWORD, USER_NICKNAME, USER_AUTH, USER_DELFLAG, USER_EMAILCHK, USER_EMAILKEY, USER_ISWRITE) VALUES('user49@email.com', '', 'user49', 'F', 'T', 'N', '', 'T' );
INSERT INTO HAPPY.LPUSER (USER_EMAIL, USER_PASSWORD, USER_NICKNAME, USER_AUTH, USER_DELFLAG, USER_EMAILCHK, USER_EMAILKEY, USER_ISWRITE) VALUES('user50@email.com', '', 'user50', 'F', 'T', 'N', '', 'T' );

INSERT INTO HAPPY.LPUSER (USER_EMAIL, USER_PASSWORD, USER_NICKNAME, USER_AUTH, USER_DELFLAG, USER_EMAILCHK, USER_EMAILKEY, USER_ISWRITE) VALUES('user03-1@email.com', '', 'user03-1', 'F', 'T', 'N', '', 'T' );

-- My sketchbook test data
-- With me
INSERT INTO HAPPY.LPSKETCHBOOK (SKETCH_ID, USER_EMAIL, SKETCH_TITLE, SKETCH_THEME, SKETCH_SHARE, SKETCH_SPATH, SKETCH_BLOCK) VALUES(LPSKETCHBOOK_SEQ.NEXTVAL, 'user03@email.com', 'me01', 'Withme', 'Y', './img/alone/01.jpg', 'F');
INSERT INTO HAPPY.LPSKETCHBOOK (SKETCH_ID, USER_EMAIL, SKETCH_TITLE, SKETCH_THEME, SKETCH_SHARE, SKETCH_SPATH, SKETCH_BLOCK) VALUES(LPSKETCHBOOK_SEQ.NEXTVAL, 'user03@email.com', 'me02', 'Withme', 'Y', './img/alone/02.jpg', 'F');
INSERT INTO HAPPY.LPSKETCHBOOK (SKETCH_ID, USER_EMAIL, SKETCH_TITLE, SKETCH_THEME, SKETCH_SHARE, SKETCH_SPATH, SKETCH_BLOCK) VALUES(LPSKETCHBOOK_SEQ.NEXTVAL, 'user03@email.com', 'me03', 'Withme', 'Y', './img/alone/03.jpg', 'F');
INSERT INTO HAPPY.LPSKETCHBOOK (SKETCH_ID, USER_EMAIL, SKETCH_TITLE, SKETCH_THEME, SKETCH_SHARE, SKETCH_SPATH, SKETCH_BLOCK) VALUES(LPSKETCHBOOK_SEQ.NEXTVAL, 'user03@email.com', 'me04', 'Withme', 'Y', './img/alone/04.jpg', 'F');
INSERT INTO HAPPY.LPSKETCHBOOK (SKETCH_ID, USER_EMAIL, SKETCH_TITLE, SKETCH_THEME, SKETCH_SHARE, SKETCH_SPATH, SKETCH_BLOCK) VALUES(LPSKETCHBOOK_SEQ.NEXTVAL, 'user03@email.com', 'me05', 'Withme', 'Y', './img/alone/05.jpg', 'F');
INSERT INTO HAPPY.LPSKETCHBOOK (SKETCH_ID, USER_EMAIL, SKETCH_TITLE, SKETCH_THEME, SKETCH_SHARE, SKETCH_SPATH, SKETCH_BLOCK) VALUES(LPSKETCHBOOK_SEQ.NEXTVAL, 'user03@email.com', 'me06', 'Withme', 'Y', './img/alone/06.jpg', 'F');
INSERT INTO HAPPY.LPSKETCHBOOK (SKETCH_ID, USER_EMAIL, SKETCH_TITLE, SKETCH_THEME, SKETCH_SHARE, SKETCH_SPATH, SKETCH_BLOCK) VALUES(LPSKETCHBOOK_SEQ.NEXTVAL, 'user03@email.com', 'me07', 'Withme', 'Y', './img/alone/07.jpg', 'F');
INSERT INTO HAPPY.LPSKETCHBOOK (SKETCH_ID, USER_EMAIL, SKETCH_TITLE, SKETCH_THEME, SKETCH_SHARE, SKETCH_SPATH, SKETCH_BLOCK) VALUES(LPSKETCHBOOK_SEQ.NEXTVAL, 'user03@email.com', 'me08', 'Withme', 'Y', './img/alone/08.jpg', 'F');
INSERT INTO HAPPY.LPSKETCHBOOK (SKETCH_ID, USER_EMAIL, SKETCH_TITLE, SKETCH_THEME, SKETCH_SHARE, SKETCH_SPATH, SKETCH_BLOCK) VALUES(LPSKETCHBOOK_SEQ.NEXTVAL, 'user03@email.com', 'me09', 'Withme', 'Y', './img/alone/09.jpg', 'F');
INSERT INTO HAPPY.LPSKETCHBOOK (SKETCH_ID, USER_EMAIL, SKETCH_TITLE, SKETCH_THEME, SKETCH_SHARE, SKETCH_SPATH, SKETCH_BLOCK) VALUES(LPSKETCHBOOK_SEQ.NEXTVAL, 'user03@email.com', 'me10', 'Withme', 'Y', './img/alone/10.jpg', 'F');
INSERT INTO HAPPY.LPSKETCHBOOK (SKETCH_ID, USER_EMAIL, SKETCH_TITLE, SKETCH_THEME, SKETCH_SHARE, SKETCH_SPATH, SKETCH_BLOCK) VALUES(LPSKETCHBOOK_SEQ.NEXTVAL, 'user03@email.com', 'me11', 'Withme', 'Y', './img/alone/11.jpg', 'F');
INSERT INTO HAPPY.LPSKETCHBOOK (SKETCH_ID, USER_EMAIL, SKETCH_TITLE, SKETCH_THEME, SKETCH_SHARE, SKETCH_SPATH, SKETCH_BLOCK) VALUES(LPSKETCHBOOK_SEQ.NEXTVAL, 'user03@email.com', 'me12', 'Withme', 'Y', './img/alone/12.jpg', 'F');
INSERT INTO HAPPY.LPSKETCHBOOK (SKETCH_ID, USER_EMAIL, SKETCH_TITLE, SKETCH_THEME, SKETCH_SHARE, SKETCH_SPATH, SKETCH_BLOCK) VALUES(LPSKETCHBOOK_SEQ.NEXTVAL, 'user03@email.com', 'me13', 'Withme', 'Y', './img/alone/13.jpg', 'F');
INSERT INTO HAPPY.LPSKETCHBOOK (SKETCH_ID, USER_EMAIL, SKETCH_TITLE, SKETCH_THEME, SKETCH_SHARE, SKETCH_SPATH, SKETCH_BLOCK) VALUES(LPSKETCHBOOK_SEQ.NEXTVAL, 'user03@email.com', 'me14', 'Withme', 'Y', './img/alone/14.jpg', 'F');
INSERT INTO HAPPY.LPSKETCHBOOK (SKETCH_ID, USER_EMAIL, SKETCH_TITLE, SKETCH_THEME, SKETCH_SHARE, SKETCH_SPATH, SKETCH_BLOCK) VALUES(LPSKETCHBOOK_SEQ.NEXTVAL, 'user03@email.com', 'me15', 'Withme', 'Y', './img/alone/15.jpg', 'F');
INSERT INTO HAPPY.LPSKETCHBOOK (SKETCH_ID, USER_EMAIL, SKETCH_TITLE, SKETCH_THEME, SKETCH_SHARE, SKETCH_SPATH, SKETCH_BLOCK) VALUES(LPSKETCHBOOK_SEQ.NEXTVAL, 'user03@email.com', 'me16', 'Withme', 'Y', './img/alone/16.jpg', 'F');
INSERT INTO HAPPY.LPSKETCHBOOK (SKETCH_ID, USER_EMAIL, SKETCH_TITLE, SKETCH_THEME, SKETCH_SHARE, SKETCH_SPATH, SKETCH_BLOCK) VALUES(LPSKETCHBOOK_SEQ.NEXTVAL, 'user03@email.com', 'me17', 'Withme', 'Y', './img/alone/17.jpg', 'F');
INSERT INTO HAPPY.LPSKETCHBOOK (SKETCH_ID, USER_EMAIL, SKETCH_TITLE, SKETCH_THEME, SKETCH_SHARE, SKETCH_SPATH, SKETCH_BLOCK) VALUES(LPSKETCHBOOK_SEQ.NEXTVAL, 'user03@email.com', 'me18', 'Withme', 'Y', './img/alone/18.jpg', 'F');
INSERT INTO HAPPY.LPSKETCHBOOK (SKETCH_ID, USER_EMAIL, SKETCH_TITLE, SKETCH_THEME, SKETCH_SHARE, SKETCH_SPATH, SKETCH_BLOCK) VALUES(LPSKETCHBOOK_SEQ.NEXTVAL, 'user03@email.com', 'me19', 'Withme', 'Y', './img/alone/19.jpg', 'F');
INSERT INTO HAPPY.LPSKETCHBOOK (SKETCH_ID, USER_EMAIL, SKETCH_TITLE, SKETCH_THEME, SKETCH_SHARE, SKETCH_SPATH, SKETCH_BLOCK) VALUES(LPSKETCHBOOK_SEQ.NEXTVAL, 'user03@email.com', 'me20', 'Withme', 'Y', './img/alone/20.jpg', 'F');                                                                                                                                                           

INSERT INTO HAPPY.LPSKETCHBOOK (SKETCH_ID, USER_EMAIL, SKETCH_TITLE, SKETCH_THEME, SKETCH_SHARE, SKETCH_SPATH, SKETCH_BLOCK) VALUES(LPSKETCHBOOK_SEQ.NEXTVAL, 'user03@email.com', 'family01', 'Withfamily', 'Y', './img/family/01.jpg', 'F');
INSERT INTO HAPPY.LPSKETCHBOOK (SKETCH_ID, USER_EMAIL, SKETCH_TITLE, SKETCH_THEME, SKETCH_SHARE, SKETCH_SPATH, SKETCH_BLOCK) VALUES(LPSKETCHBOOK_SEQ.NEXTVAL, 'user03@email.com', 'family02', 'Withfamily', 'Y', './img/family/02.jpg', 'F');
INSERT INTO HAPPY.LPSKETCHBOOK (SKETCH_ID, USER_EMAIL, SKETCH_TITLE, SKETCH_THEME, SKETCH_SHARE, SKETCH_SPATH, SKETCH_BLOCK) VALUES(LPSKETCHBOOK_SEQ.NEXTVAL, 'user03@email.com', 'family03', 'Withfamily', 'Y', './img/family/03.jpg', 'F');
INSERT INTO HAPPY.LPSKETCHBOOK (SKETCH_ID, USER_EMAIL, SKETCH_TITLE, SKETCH_THEME, SKETCH_SHARE, SKETCH_SPATH, SKETCH_BLOCK) VALUES(LPSKETCHBOOK_SEQ.NEXTVAL, 'user03@email.com', 'family04', 'Withfamily', 'Y', './img/family/04.jpg', 'F');
INSERT INTO HAPPY.LPSKETCHBOOK (SKETCH_ID, USER_EMAIL, SKETCH_TITLE, SKETCH_THEME, SKETCH_SHARE, SKETCH_SPATH, SKETCH_BLOCK) VALUES(LPSKETCHBOOK_SEQ.NEXTVAL, 'user03@email.com', 'family05', 'Withfamily', 'Y', './img/family/05.jpg', 'F');
INSERT INTO HAPPY.LPSKETCHBOOK (SKETCH_ID, USER_EMAIL, SKETCH_TITLE, SKETCH_THEME, SKETCH_SHARE, SKETCH_SPATH, SKETCH_BLOCK) VALUES(LPSKETCHBOOK_SEQ.NEXTVAL, 'user03@email.com', 'family06', 'Withfamily', 'Y', './img/family/06.jpg', 'F');
INSERT INTO HAPPY.LPSKETCHBOOK (SKETCH_ID, USER_EMAIL, SKETCH_TITLE, SKETCH_THEME, SKETCH_SHARE, SKETCH_SPATH, SKETCH_BLOCK) VALUES(LPSKETCHBOOK_SEQ.NEXTVAL, 'user03@email.com', 'family07', 'Withfamily', 'Y', './img/family/07.jpg', 'F');
INSERT INTO HAPPY.LPSKETCHBOOK (SKETCH_ID, USER_EMAIL, SKETCH_TITLE, SKETCH_THEME, SKETCH_SHARE, SKETCH_SPATH, SKETCH_BLOCK) VALUES(LPSKETCHBOOK_SEQ.NEXTVAL, 'user03@email.com', 'family08', 'Withfamily', 'Y', './img/family/08.jpg', 'F');
INSERT INTO HAPPY.LPSKETCHBOOK (SKETCH_ID, USER_EMAIL, SKETCH_TITLE, SKETCH_THEME, SKETCH_SHARE, SKETCH_SPATH, SKETCH_BLOCK) VALUES(LPSKETCHBOOK_SEQ.NEXTVAL, 'user03@email.com', 'family09', 'Withfamily', 'Y', './img/family/09.jpg', 'F');
INSERT INTO HAPPY.LPSKETCHBOOK (SKETCH_ID, USER_EMAIL, SKETCH_TITLE, SKETCH_THEME, SKETCH_SHARE, SKETCH_SPATH, SKETCH_BLOCK) VALUES(LPSKETCHBOOK_SEQ.NEXTVAL, 'user03@email.com', 'family10', 'Withfamily', 'Y', './img/family/10.jpg', 'F');
INSERT INTO HAPPY.LPSKETCHBOOK (SKETCH_ID, USER_EMAIL, SKETCH_TITLE, SKETCH_THEME, SKETCH_SHARE, SKETCH_SPATH, SKETCH_BLOCK) VALUES(LPSKETCHBOOK_SEQ.NEXTVAL, 'user03@email.com', 'family11', 'Withfamily', 'Y', './img/family/11.jpg', 'F');
INSERT INTO HAPPY.LPSKETCHBOOK (SKETCH_ID, USER_EMAIL, SKETCH_TITLE, SKETCH_THEME, SKETCH_SHARE, SKETCH_SPATH, SKETCH_BLOCK) VALUES(LPSKETCHBOOK_SEQ.NEXTVAL, 'user03@email.com', 'family12', 'Withfamily', 'Y', './img/family/12.jpg', 'F');
INSERT INTO HAPPY.LPSKETCHBOOK (SKETCH_ID, USER_EMAIL, SKETCH_TITLE, SKETCH_THEME, SKETCH_SHARE, SKETCH_SPATH, SKETCH_BLOCK) VALUES(LPSKETCHBOOK_SEQ.NEXTVAL, 'user03@email.com', 'family13', 'Withfamily', 'Y', './img/family/13.jpg', 'F');
INSERT INTO HAPPY.LPSKETCHBOOK (SKETCH_ID, USER_EMAIL, SKETCH_TITLE, SKETCH_THEME, SKETCH_SHARE, SKETCH_SPATH, SKETCH_BLOCK) VALUES(LPSKETCHBOOK_SEQ.NEXTVAL, 'user03@email.com', 'family14', 'Withfamily', 'Y', './img/family/14.jpg', 'F');
INSERT INTO HAPPY.LPSKETCHBOOK (SKETCH_ID, USER_EMAIL, SKETCH_TITLE, SKETCH_THEME, SKETCH_SHARE, SKETCH_SPATH, SKETCH_BLOCK) VALUES(LPSKETCHBOOK_SEQ.NEXTVAL, 'user03@email.com', 'family15', 'Withfamily', 'Y', './img/family/15.jpg', 'F');
INSERT INTO HAPPY.LPSKETCHBOOK (SKETCH_ID, USER_EMAIL, SKETCH_TITLE, SKETCH_THEME, SKETCH_SHARE, SKETCH_SPATH, SKETCH_BLOCK) VALUES(LPSKETCHBOOK_SEQ.NEXTVAL, 'user03@email.com', 'family16', 'Withfamily', 'Y', './img/family/16.jpg', 'F');
INSERT INTO HAPPY.LPSKETCHBOOK (SKETCH_ID, USER_EMAIL, SKETCH_TITLE, SKETCH_THEME, SKETCH_SHARE, SKETCH_SPATH, SKETCH_BLOCK) VALUES(LPSKETCHBOOK_SEQ.NEXTVAL, 'user03@email.com', 'family17', 'Withfamily', 'Y', './img/family/17.jpg', 'F');
INSERT INTO HAPPY.LPSKETCHBOOK (SKETCH_ID, USER_EMAIL, SKETCH_TITLE, SKETCH_THEME, SKETCH_SHARE, SKETCH_SPATH, SKETCH_BLOCK) VALUES(LPSKETCHBOOK_SEQ.NEXTVAL, 'user03@email.com', 'family18', 'Withfamily', 'Y', './img/family/18.jpg', 'F');
INSERT INTO HAPPY.LPSKETCHBOOK (SKETCH_ID, USER_EMAIL, SKETCH_TITLE, SKETCH_THEME, SKETCH_SHARE, SKETCH_SPATH, SKETCH_BLOCK) VALUES(LPSKETCHBOOK_SEQ.NEXTVAL, 'user03@email.com', 'family19', 'Withfamily', 'Y', './img/family/19.jpg', 'F');
INSERT INTO HAPPY.LPSKETCHBOOK (SKETCH_ID, USER_EMAIL, SKETCH_TITLE, SKETCH_THEME, SKETCH_SHARE, SKETCH_SPATH, SKETCH_BLOCK) VALUES(LPSKETCHBOOK_SEQ.NEXTVAL, 'user03@email.com', 'family20', 'Withfamily', 'Y', './img/family/20.jpg', 'F');

-- With friend
INSERT INTO HAPPY.LPSKETCHBOOK (SKETCH_ID, USER_EMAIL, SKETCH_TITLE, SKETCH_THEME, SKETCH_SHARE, SKETCH_SPATH, SKETCH_BLOCK) VALUES(LPSKETCHBOOK_SEQ.NEXTVAL, 'user03@email.com', 'friend01', 'Withfriend', 'Y', './img/friend/01.jpg', 'F');
INSERT INTO HAPPY.LPSKETCHBOOK (SKETCH_ID, USER_EMAIL, SKETCH_TITLE, SKETCH_THEME, SKETCH_SHARE, SKETCH_SPATH, SKETCH_BLOCK) VALUES(LPSKETCHBOOK_SEQ.NEXTVAL, 'user03@email.com', 'friend02', 'Withfriend', 'Y', './img/friend/02.jpg', 'F');
INSERT INTO HAPPY.LPSKETCHBOOK (SKETCH_ID, USER_EMAIL, SKETCH_TITLE, SKETCH_THEME, SKETCH_SHARE, SKETCH_SPATH, SKETCH_BLOCK) VALUES(LPSKETCHBOOK_SEQ.NEXTVAL, 'user03@email.com', 'friend03', 'Withfriend', 'Y', './img/friend/03.jpg', 'F');
INSERT INTO HAPPY.LPSKETCHBOOK (SKETCH_ID, USER_EMAIL, SKETCH_TITLE, SKETCH_THEME, SKETCH_SHARE, SKETCH_SPATH, SKETCH_BLOCK) VALUES(LPSKETCHBOOK_SEQ.NEXTVAL, 'user03@email.com', 'friend04', 'Withfriend', 'Y', './img/friend/04.jpg', 'F');
INSERT INTO HAPPY.LPSKETCHBOOK (SKETCH_ID, USER_EMAIL, SKETCH_TITLE, SKETCH_THEME, SKETCH_SHARE, SKETCH_SPATH, SKETCH_BLOCK) VALUES(LPSKETCHBOOK_SEQ.NEXTVAL, 'user03@email.com', 'friend05', 'Withfriend', 'Y', './img/friend/05.jpg', 'F');
INSERT INTO HAPPY.LPSKETCHBOOK (SKETCH_ID, USER_EMAIL, SKETCH_TITLE, SKETCH_THEME, SKETCH_SHARE, SKETCH_SPATH, SKETCH_BLOCK) VALUES(LPSKETCHBOOK_SEQ.NEXTVAL, 'user03@email.com', 'friend06', 'Withfriend', 'Y', './img/friend/06.jpg', 'F');
INSERT INTO HAPPY.LPSKETCHBOOK (SKETCH_ID, USER_EMAIL, SKETCH_TITLE, SKETCH_THEME, SKETCH_SHARE, SKETCH_SPATH, SKETCH_BLOCK) VALUES(LPSKETCHBOOK_SEQ.NEXTVAL, 'user03@email.com', 'friend07', 'Withfriend', 'Y', './img/friend/07.jpg', 'F');
INSERT INTO HAPPY.LPSKETCHBOOK (SKETCH_ID, USER_EMAIL, SKETCH_TITLE, SKETCH_THEME, SKETCH_SHARE, SKETCH_SPATH, SKETCH_BLOCK) VALUES(LPSKETCHBOOK_SEQ.NEXTVAL, 'user03@email.com', 'friend08', 'Withfriend', 'Y', './img/friend/08.jpg', 'F');
INSERT INTO HAPPY.LPSKETCHBOOK (SKETCH_ID, USER_EMAIL, SKETCH_TITLE, SKETCH_THEME, SKETCH_SHARE, SKETCH_SPATH, SKETCH_BLOCK) VALUES(LPSKETCHBOOK_SEQ.NEXTVAL, 'user03@email.com', 'friend09', 'Withfriend', 'Y', './img/friend/09.jpg', 'F');
INSERT INTO HAPPY.LPSKETCHBOOK (SKETCH_ID, USER_EMAIL, SKETCH_TITLE, SKETCH_THEME, SKETCH_SHARE, SKETCH_SPATH, SKETCH_BLOCK) VALUES(LPSKETCHBOOK_SEQ.NEXTVAL, 'user03@email.com', 'friend10', 'Withfriend', 'Y', './img/friend/10.jpg', 'F');
INSERT INTO HAPPY.LPSKETCHBOOK (SKETCH_ID, USER_EMAIL, SKETCH_TITLE, SKETCH_THEME, SKETCH_SHARE, SKETCH_SPATH, SKETCH_BLOCK) VALUES(LPSKETCHBOOK_SEQ.NEXTVAL, 'user03@email.com', 'friend11', 'Withfriend', 'Y', './img/friend/11.jpg', 'F');
INSERT INTO HAPPY.LPSKETCHBOOK (SKETCH_ID, USER_EMAIL, SKETCH_TITLE, SKETCH_THEME, SKETCH_SHARE, SKETCH_SPATH, SKETCH_BLOCK) VALUES(LPSKETCHBOOK_SEQ.NEXTVAL, 'user03@email.com', 'friend12', 'Withfriend', 'Y', './img/friend/12.jpg', 'F');
INSERT INTO HAPPY.LPSKETCHBOOK (SKETCH_ID, USER_EMAIL, SKETCH_TITLE, SKETCH_THEME, SKETCH_SHARE, SKETCH_SPATH, SKETCH_BLOCK) VALUES(LPSKETCHBOOK_SEQ.NEXTVAL, 'user03@email.com', 'friend13', 'Withfriend', 'Y', './img/friend/13.jpg', 'F');
INSERT INTO HAPPY.LPSKETCHBOOK (SKETCH_ID, USER_EMAIL, SKETCH_TITLE, SKETCH_THEME, SKETCH_SHARE, SKETCH_SPATH, SKETCH_BLOCK) VALUES(LPSKETCHBOOK_SEQ.NEXTVAL, 'user03@email.com', 'friend14', 'Withfriend', 'Y', './img/friend/14.jpg', 'F');
INSERT INTO HAPPY.LPSKETCHBOOK (SKETCH_ID, USER_EMAIL, SKETCH_TITLE, SKETCH_THEME, SKETCH_SHARE, SKETCH_SPATH, SKETCH_BLOCK) VALUES(LPSKETCHBOOK_SEQ.NEXTVAL, 'user03@email.com', 'friend15', 'Withfriend', 'Y', './img/friend/15.jpg', 'F');
INSERT INTO HAPPY.LPSKETCHBOOK (SKETCH_ID, USER_EMAIL, SKETCH_TITLE, SKETCH_THEME, SKETCH_SHARE, SKETCH_SPATH, SKETCH_BLOCK) VALUES(LPSKETCHBOOK_SEQ.NEXTVAL, 'user03@email.com', 'friend16', 'Withfriend', 'Y', './img/friend/16.jpg', 'F');
INSERT INTO HAPPY.LPSKETCHBOOK (SKETCH_ID, USER_EMAIL, SKETCH_TITLE, SKETCH_THEME, SKETCH_SHARE, SKETCH_SPATH, SKETCH_BLOCK) VALUES(LPSKETCHBOOK_SEQ.NEXTVAL, 'user03@email.com', 'friend17', 'Withfriend', 'Y', './img/friend/17.jpg', 'F');
INSERT INTO HAPPY.LPSKETCHBOOK (SKETCH_ID, USER_EMAIL, SKETCH_TITLE, SKETCH_THEME, SKETCH_SHARE, SKETCH_SPATH, SKETCH_BLOCK) VALUES(LPSKETCHBOOK_SEQ.NEXTVAL, 'user03@email.com', 'friend18', 'Withfriend', 'Y', './img/friend/18.jpg', 'F');
INSERT INTO HAPPY.LPSKETCHBOOK (SKETCH_ID, USER_EMAIL, SKETCH_TITLE, SKETCH_THEME, SKETCH_SHARE, SKETCH_SPATH, SKETCH_BLOCK) VALUES(LPSKETCHBOOK_SEQ.NEXTVAL, 'user03@email.com', 'friend19', 'Withfriend', 'Y', './img/friend/19.jpg', 'F');
INSERT INTO HAPPY.LPSKETCHBOOK (SKETCH_ID, USER_EMAIL, SKETCH_TITLE, SKETCH_THEME, SKETCH_SHARE, SKETCH_SPATH, SKETCH_BLOCK) VALUES(LPSKETCHBOOK_SEQ.NEXTVAL, 'user03@email.com', 'friend20', 'Withfriend', 'Y', './img/friend/20.jpg', 'F');
                                                                                                                                                                  
INSERT INTO HAPPY.LPSKETCHBOOK (SKETCH_ID, USER_EMAIL, SKETCH_TITLE, SKETCH_THEME, SKETCH_SHARE, SKETCH_SPATH, SKETCH_BLOCK) VALUES(LPSKETCHBOOK_SEQ.NEXTVAL, 'user03-1@email.com', 'love01', 'Withlove', 'Y', './img/couple/01.jpg', 'F');
INSERT INTO HAPPY.LPSKETCHBOOK (SKETCH_ID, USER_EMAIL, SKETCH_TITLE, SKETCH_THEME, SKETCH_SHARE, SKETCH_SPATH, SKETCH_BLOCK) VALUES(LPSKETCHBOOK_SEQ.NEXTVAL, 'user03-1@email.com', 'love02', 'Withlove', 'Y', './img/couple/02.jpg', 'F');
INSERT INTO HAPPY.LPSKETCHBOOK (SKETCH_ID, USER_EMAIL, SKETCH_TITLE, SKETCH_THEME, SKETCH_SHARE, SKETCH_SPATH, SKETCH_BLOCK) VALUES(LPSKETCHBOOK_SEQ.NEXTVAL, 'user03-1@email.com', 'love03', 'Withlove', 'Y', './img/couple/03.jpg', 'F');
INSERT INTO HAPPY.LPSKETCHBOOK (SKETCH_ID, USER_EMAIL, SKETCH_TITLE, SKETCH_THEME, SKETCH_SHARE, SKETCH_SPATH, SKETCH_BLOCK) VALUES(LPSKETCHBOOK_SEQ.NEXTVAL, 'user03-1@email.com', 'love04', 'Withlove', 'Y', './img/couple/04.jpg', 'F');
INSERT INTO HAPPY.LPSKETCHBOOK (SKETCH_ID, USER_EMAIL, SKETCH_TITLE, SKETCH_THEME, SKETCH_SHARE, SKETCH_SPATH, SKETCH_BLOCK) VALUES(LPSKETCHBOOK_SEQ.NEXTVAL, 'user03-1@email.com', 'love05', 'Withlove', 'Y', './img/couple/05.jpg', 'F');
INSERT INTO HAPPY.LPSKETCHBOOK (SKETCH_ID, USER_EMAIL, SKETCH_TITLE, SKETCH_THEME, SKETCH_SHARE, SKETCH_SPATH, SKETCH_BLOCK) VALUES(LPSKETCHBOOK_SEQ.NEXTVAL, 'user03-1@email.com', 'love06', 'Withlove', 'Y', './img/couple/06.jpg', 'F');
INSERT INTO HAPPY.LPSKETCHBOOK (SKETCH_ID, USER_EMAIL, SKETCH_TITLE, SKETCH_THEME, SKETCH_SHARE, SKETCH_SPATH, SKETCH_BLOCK) VALUES(LPSKETCHBOOK_SEQ.NEXTVAL, 'user03-1@email.com', 'love07', 'Withlove', 'Y', './img/couple/07.jpg', 'F');
INSERT INTO HAPPY.LPSKETCHBOOK (SKETCH_ID, USER_EMAIL, SKETCH_TITLE, SKETCH_THEME, SKETCH_SHARE, SKETCH_SPATH, SKETCH_BLOCK) VALUES(LPSKETCHBOOK_SEQ.NEXTVAL, 'user03-1@email.com', 'love08', 'Withlove', 'Y', './img/couple/08.jpg', 'F');
INSERT INTO HAPPY.LPSKETCHBOOK (SKETCH_ID, USER_EMAIL, SKETCH_TITLE, SKETCH_THEME, SKETCH_SHARE, SKETCH_SPATH, SKETCH_BLOCK) VALUES(LPSKETCHBOOK_SEQ.NEXTVAL, 'user03-1@email.com', 'love09', 'Withlove', 'Y', './img/couple/09.jpg', 'F');
INSERT INTO HAPPY.LPSKETCHBOOK (SKETCH_ID, USER_EMAIL, SKETCH_TITLE, SKETCH_THEME, SKETCH_SHARE, SKETCH_SPATH, SKETCH_BLOCK) VALUES(LPSKETCHBOOK_SEQ.NEXTVAL, 'user03-1@email.com', 'love10', 'Withlove', 'Y', './img/couple/10.jpg', 'F');
INSERT INTO HAPPY.LPSKETCHBOOK (SKETCH_ID, USER_EMAIL, SKETCH_TITLE, SKETCH_THEME, SKETCH_SHARE, SKETCH_SPATH, SKETCH_BLOCK) VALUES(LPSKETCHBOOK_SEQ.NEXTVAL, 'user03-1@email.com', 'love11', 'Withlove', 'Y', './img/couple/11.jpg', 'F');
INSERT INTO HAPPY.LPSKETCHBOOK (SKETCH_ID, USER_EMAIL, SKETCH_TITLE, SKETCH_THEME, SKETCH_SHARE, SKETCH_SPATH, SKETCH_BLOCK) VALUES(LPSKETCHBOOK_SEQ.NEXTVAL, 'user03-1@email.com', 'love12', 'Withlove', 'Y', './img/couple/12.jpg', 'F');
INSERT INTO HAPPY.LPSKETCHBOOK (SKETCH_ID, USER_EMAIL, SKETCH_TITLE, SKETCH_THEME, SKETCH_SHARE, SKETCH_SPATH, SKETCH_BLOCK) VALUES(LPSKETCHBOOK_SEQ.NEXTVAL, 'user03-1@email.com', 'love13', 'Withlove', 'Y', './img/couple/13.jpg', 'F');
INSERT INTO HAPPY.LPSKETCHBOOK (SKETCH_ID, USER_EMAIL, SKETCH_TITLE, SKETCH_THEME, SKETCH_SHARE, SKETCH_SPATH, SKETCH_BLOCK) VALUES(LPSKETCHBOOK_SEQ.NEXTVAL, 'user03-1@email.com', 'love14', 'Withlove', 'Y', './img/couple/14.jpg', 'F');
INSERT INTO HAPPY.LPSKETCHBOOK (SKETCH_ID, USER_EMAIL, SKETCH_TITLE, SKETCH_THEME, SKETCH_SHARE, SKETCH_SPATH, SKETCH_BLOCK) VALUES(LPSKETCHBOOK_SEQ.NEXTVAL, 'user03-1@email.com', 'love15', 'Withlove', 'Y', './img/couple/15.jpg', 'F');
INSERT INTO HAPPY.LPSKETCHBOOK (SKETCH_ID, USER_EMAIL, SKETCH_TITLE, SKETCH_THEME, SKETCH_SHARE, SKETCH_SPATH, SKETCH_BLOCK) VALUES(LPSKETCHBOOK_SEQ.NEXTVAL, 'user03-1@email.com', 'love16', 'Withlove', 'Y', './img/couple/16.jpg', 'F');
INSERT INTO HAPPY.LPSKETCHBOOK (SKETCH_ID, USER_EMAIL, SKETCH_TITLE, SKETCH_THEME, SKETCH_SHARE, SKETCH_SPATH, SKETCH_BLOCK) VALUES(LPSKETCHBOOK_SEQ.NEXTVAL, 'user03-1@email.com', 'love17', 'Withlove', 'Y', './img/couple/17.jpg', 'F');
INSERT INTO HAPPY.LPSKETCHBOOK (SKETCH_ID, USER_EMAIL, SKETCH_TITLE, SKETCH_THEME, SKETCH_SHARE, SKETCH_SPATH, SKETCH_BLOCK) VALUES(LPSKETCHBOOK_SEQ.NEXTVAL, 'user03-1@email.com', 'love18', 'Withlove', 'Y', './img/couple/18.jpg', 'F');
INSERT INTO HAPPY.LPSKETCHBOOK (SKETCH_ID, USER_EMAIL, SKETCH_TITLE, SKETCH_THEME, SKETCH_SHARE, SKETCH_SPATH, SKETCH_BLOCK) VALUES(LPSKETCHBOOK_SEQ.NEXTVAL, 'user03-1@email.com', 'love19', 'Withlove', 'Y', './img/couple/19.jpg', 'F');
INSERT INTO HAPPY.LPSKETCHBOOK (SKETCH_ID, USER_EMAIL, SKETCH_TITLE, SKETCH_THEME, SKETCH_SHARE, SKETCH_SPATH, SKETCH_BLOCK) VALUES(LPSKETCHBOOK_SEQ.NEXTVAL, 'user03-1@email.com', 'love20', 'Withlove', 'Y', './img/couple/20.jpg', 'F');

-- Scrap
INSERT INTO HAPPY.LPCOLLECT (COL_ID, USER_EMAIL, SKETCH_ID, COL_SCRAPE, COL_LIKE) VALUES(LPCOLLECT_SEQ.NEXTVAL, 'user03@email.com', '65', 'T', 'T');
INSERT INTO HAPPY.LPCOLLECT (COL_ID, USER_EMAIL, SKETCH_ID, COL_SCRAPE, COL_LIKE) VALUES(LPCOLLECT_SEQ.NEXTVAL, 'user03@email.com', '66', 'T', 'T');
INSERT INTO HAPPY.LPCOLLECT (COL_ID, USER_EMAIL, SKETCH_ID, COL_SCRAPE, COL_LIKE) VALUES(LPCOLLECT_SEQ.NEXTVAL, 'user03@email.com', '67', 'T', 'T');
INSERT INTO HAPPY.LPCOLLECT (COL_ID, USER_EMAIL, SKETCH_ID, COL_SCRAPE, COL_LIKE) VALUES(LPCOLLECT_SEQ.NEXTVAL, 'user03@email.com', '68', 'T', 'T');
INSERT INTO HAPPY.LPCOLLECT (COL_ID, USER_EMAIL, SKETCH_ID, COL_SCRAPE, COL_LIKE) VALUES(LPCOLLECT_SEQ.NEXTVAL, 'user03@email.com', '69', 'T', 'T');
INSERT INTO HAPPY.LPCOLLECT (COL_ID, USER_EMAIL, SKETCH_ID, COL_SCRAPE, COL_LIKE) VALUES(LPCOLLECT_SEQ.NEXTVAL, 'user03@email.com', '70', 'T', 'T');
INSERT INTO HAPPY.LPCOLLECT (COL_ID, USER_EMAIL, SKETCH_ID, COL_SCRAPE, COL_LIKE) VALUES(LPCOLLECT_SEQ.NEXTVAL, 'user03@email.com', '71', 'T', 'T');
INSERT INTO HAPPY.LPCOLLECT (COL_ID, USER_EMAIL, SKETCH_ID, COL_SCRAPE, COL_LIKE) VALUES(LPCOLLECT_SEQ.NEXTVAL, 'user03@email.com', '72', 'T', 'T');
INSERT INTO HAPPY.LPCOLLECT (COL_ID, USER_EMAIL, SKETCH_ID, COL_SCRAPE, COL_LIKE) VALUES(LPCOLLECT_SEQ.NEXTVAL, 'user03@email.com', '73', 'T', 'T');
INSERT INTO HAPPY.LPCOLLECT (COL_ID, USER_EMAIL, SKETCH_ID, COL_SCRAPE, COL_LIKE) VALUES(LPCOLLECT_SEQ.NEXTVAL, 'user03@email.com', '74', 'T', 'T');
INSERT INTO HAPPY.LPCOLLECT (COL_ID, USER_EMAIL, SKETCH_ID, COL_SCRAPE, COL_LIKE) VALUES(LPCOLLECT_SEQ.NEXTVAL, 'user03@email.com', '75', 'T', 'T');
INSERT INTO HAPPY.LPCOLLECT (COL_ID, USER_EMAIL, SKETCH_ID, COL_SCRAPE, COL_LIKE) VALUES(LPCOLLECT_SEQ.NEXTVAL, 'user03@email.com', '76', 'T', 'T');
INSERT INTO HAPPY.LPCOLLECT (COL_ID, USER_EMAIL, SKETCH_ID, COL_SCRAPE, COL_LIKE) VALUES(LPCOLLECT_SEQ.NEXTVAL, 'user03@email.com', '77', 'T', 'T');
INSERT INTO HAPPY.LPCOLLECT (COL_ID, USER_EMAIL, SKETCH_ID, COL_SCRAPE, COL_LIKE) VALUES(LPCOLLECT_SEQ.NEXTVAL, 'user03@email.com', '78', 'T', 'T');
INSERT INTO HAPPY.LPCOLLECT (COL_ID, USER_EMAIL, SKETCH_ID, COL_SCRAPE, COL_LIKE) VALUES(LPCOLLECT_SEQ.NEXTVAL, 'user03@email.com', '79', 'T', 'T');
INSERT INTO HAPPY.LPCOLLECT (COL_ID, USER_EMAIL, SKETCH_ID, COL_SCRAPE, COL_LIKE) VALUES(LPCOLLECT_SEQ.NEXTVAL, 'user03@email.com', '80', 'T', 'T');
INSERT INTO HAPPY.LPCOLLECT (COL_ID, USER_EMAIL, SKETCH_ID, COL_SCRAPE, COL_LIKE) VALUES(LPCOLLECT_SEQ.NEXTVAL, 'user03@email.com', '81', 'T', 'T');
INSERT INTO HAPPY.LPCOLLECT (COL_ID, USER_EMAIL, SKETCH_ID, COL_SCRAPE, COL_LIKE) VALUES(LPCOLLECT_SEQ.NEXTVAL, 'user03@email.com', '82', 'T', 'T');
INSERT INTO HAPPY.LPCOLLECT (COL_ID, USER_EMAIL, SKETCH_ID, COL_SCRAPE, COL_LIKE) VALUES(LPCOLLECT_SEQ.NEXTVAL, 'user03@email.com', '83', 'T', 'T');
INSERT INTO HAPPY.LPCOLLECT (COL_ID, USER_EMAIL, SKETCH_ID, COL_SCRAPE, COL_LIKE) VALUES(LPCOLLECT_SEQ.NEXTVAL, 'user03@email.com', '84', 'T', 'T');

